{
  "validation": {
    "f1": 1.0,
    "false_negative_count": 0,
    "false_positive_count": 0,
    "fps": 55.7453727722168,
    "ignored_sample_count": 0,
    "latency_p50": 35.02625274658203,
    "latency_p95": 38.05470657348633,
    "mean_iou": 0.7129011154174805,
    "postprocess_latency": 0.05945736542344093,
    "precision": 1.0,
    "recall": 1.0,
    "val_loss": 1.8967335224151611
  }
}